class,Theta_1,Alpha_1,LowBeta_1,HighBeta_1,Gamma_1,Theta_2,Alpha_2,LowBeta_2,HighBeta_2,Gamma_2,Theta_3,Alpha_3,LowBeta_3,HighBeta_3,Gamma_3,Theta_4,Alpha_4,LowBeta_4,HighBeta_4,Gamma_4,Theta_5,Alpha_5,LowBeta_5,HighBeta_5,Gamma_5,Theta_6,Alpha_6,LowBeta_6,HighBeta_6,Gamma_6,Theta_7,Alpha_7,LowBeta_7,HighBeta_7,Gamma_7,Theta_8,Alpha_8,LowBeta_8,HighBeta_8,Gamma_8,Theta_9,Alpha_9,LowBeta_9,HighBeta_9,Gamma_9,Theta_10,Alpha_10,LowBeta_10,HighBeta_10,Gamma_10,Theta_11,Alpha_11,LowBeta_11,HighBeta_11,Gamma_11,Theta_12,Alpha_12,LowBeta_12,HighBeta_12,Gamma_12,Theta_13,Alpha_13,LowBeta_13,HighBeta_13,Gamma_13,Theta_14,Alpha_14,LowBeta_14,HighBeta_14,Gamma_14,Theta_15,Alpha_15,LowBeta_15,HighBeta_15,Gamma_15,Theta_16,Alpha_16,LowBeta_16,HighBeta_16,Gamma_16,Theta_17,Alpha_17,LowBeta_17,HighBeta_17,Gamma_17,Theta_18,Alpha_18,LowBeta_18,HighBeta_18,Gamma_18,Theta_19,Alpha_19,LowBeta_19,HighBeta_19,Gamma_19,Theta_20,Alpha_20,LowBeta_20,HighBeta_20,Gamma_20,Theta_21,Alpha_21,LowBeta_21,HighBeta_21,Gamma_21,Theta_22,Alpha_22,LowBeta_22,HighBeta_22,Gamma_22,Theta_23,Alpha_23,LowBeta_23,HighBeta_23,Gamma_23,Theta_24,Alpha_24,LowBeta_24,HighBeta_24,Gamma_24,Theta_25,Alpha_25,LowBeta_25,HighBeta_25,Gamma_25,Theta_26,Alpha_26,LowBeta_26,HighBeta_26,Gamma_26,Theta_27,Alpha_27,LowBeta_27,HighBeta_27,Gamma_27,Theta_28,Alpha_28,LowBeta_28,HighBeta_28,Gamma_28,Theta_29,Alpha_29,LowBeta_29,HighBeta_29,Gamma_29,Theta_30,Alpha_30,LowBeta_30,HighBeta_30,Gamma_30,Theta_31,Alpha_31,LowBeta_31,HighBeta_31,Gamma_31,Theta_32,Alpha_32,LowBeta_32,HighBeta_32,Gamma_32,Theta_33,Alpha_33,LowBeta_33,HighBeta_33,Gamma_33,Theta_34,Alpha_34,LowBeta_34,HighBeta_34,Gamma_34,Theta_35,Alpha_35,LowBeta_35,HighBeta_35,Gamma_35,Theta_36,Alpha_36,LowBeta_36,HighBeta_36,Gamma_36,Theta_37,Alpha_37,LowBeta_37,HighBeta_37,Gamma_37,Theta_38,Alpha_38,LowBeta_38,HighBeta_38,Gamma_38,Theta_39,Alpha_39,LowBeta_39,HighBeta_39,Gamma_39,Theta_40,Alpha_40,LowBeta_40,HighBeta_40,Gamma_40
1,665.42,544.39,363.65,200.37,141.31,750.18,573.01,391.59,207.42,135.32,798.58,607.68,416.2,219.37,143.25,789.06,610.92,355.23,210.13,156.34,583.52,443.32,259.97,168.35,128.86,572.16,430.92,305.01,172.52,116.32,608.7,502.93,264.36,184.71,130.14,850.49,631.36,417.8,299.43,287.12,545.54,580.03,285.17,190.31,143.06,419.62,426.16,243.6,145.58,89.759,825.69,688.5,338.5,204.19,163.05,689.93,714.78,369.58,262.6,221.97,656.31,774.27,319.08,207.03,165.72,733.25,701.23,362.72,272.14,233.77,752.1,647.55,319.37,199.14,155.55,485.34,526.37,259.6,138.66,91.708,870.86,580.55,387.48,213.06,150.43,767.68,548.61,341.68,212.58,166.66,822.33,578.21,360.41,179.38,113.47,895.98,608.97,388.55,207.82,139.41,706.51,578.04,399.7,211.61,155.94,566.69,510.18,313.56,183.88,129.72,760.94,527.37,335.56,181.06,117.91,476.98,344.47,277.93,184.43,91.825,555.13,491.4,294.63,185.98,123.18,844.88,624,350.58,240.15,197.91,442.59,509.52,275.72,167.95,122.24,421.52,407.99,243.33,149.36,86.864,947.1,690.97,368.42,222.79,176.16,572.51,561.84,300.62,191.54,171.29,867.88,724.52,342.52,194.67,138.29,783.87,687.32,320.73,180.97,125.04,1600.5,805.71,436.25,354.38,365.43,1174.4,464.05,295.66,246.39,234.86,536.99,397.72,256.78,226.25,205.92,2139.7,1396.8,942.67,461.05,228.78,5093.4,2562.4,1520.8,1145.7,1365,39676,24260,16000,13295,11510,99830,28607,16681,12504,9968,0.34945,0.17676,0.10448,0.078712,0.063167
1,769.01,594.18,370.71,209.33,165.27,895.25,629.44,392.19,202.28,141.51,939.34,648.76,420.93,227.03,144.37,966.64,672.37,446.26,310.97,284.91,667.68,512.69,279.73,179.9,140.4,711.34,465.78,323.3,158.67,109.6,736.19,518.99,295.78,176.28,129.69,1091,708.04,440.09,335.08,312.01,638.1,587.23,283.64,177.89,135.97,485.78,446.89,236.79,150.31,96.008,996.97,756.41,325.95,211.57,156.7,786.79,744.73,339.5,227.21,193.46,722.71,805.88,308.14,177.42,132.06,812.67,709.42,309.61,194.28,156.98,863.83,685.43,298.06,176.59,136.05,534.65,565.37,248.5,131.82,95.219,1038.3,661.27,374.07,217.94,162.73,936.31,583.73,330.11,204.38,163.3,950.53,607.27,364.46,171.46,109.59,1054.9,685.51,383.88,219.9,143.76,837.97,612.18,391.17,241.54,181.67,635.65,526.47,315.06,183.77,123.79,902.57,561.77,343.4,173.12,112.39,541.41,379.33,283.65,177.37,89.274,682.75,504.63,296.13,177.76,113.98,957.25,645.88,367.01,230.79,203.14,481.35,501.9,283.32,164.55,121.25,487.74,456.32,238.53,145.01,87.72,1179.6,730.55,382.39,228.6,174.1,610.43,569.55,319.77,212.1,187.57,1060.8,777.76,347.3,197.89,142.92,928.62,743.14,312.93,186.69,141.82,1628.6,827.32,413.08,317.2,306.17,1567.1,584.72,333.17,267.75,236.21,518.01,325.94,215.03,183.78,168.54,1991.3,1428.4,907.91,445.12,267.76,52945,26738,15739,11832,9930.5,1.15E+05,83759,52977,43994,37146,90277,16549,9074.3,6802,5409.6,0.22134,0.11293,0.067707,0.050964,0.04138
1,724.16,618.84,384.05,227.94,165.95,837.45,666.12,423.5,249.96,163.38,909.42,696.91,485.23,305.63,223.67,974.99,687.86,434.17,325.52,304.75,711.25,504.02,291.5,204.56,212.8,650.41,470.69,329.65,206.9,154.52,709.69,524.93,313.51,213.33,184.54,1053.7,704.39,445.24,360.87,357.26,630.43,630.1,312.21,197.2,164.44,455.4,484,248.73,157,97.917,1009.6,787.55,358.31,206.29,159.39,816.8,789.79,388.06,269.05,233.41,683.07,848.46,317.87,189.59,130.04,738.59,760.59,333.32,195.89,147.05,791.25,742.3,323.82,194.58,141.33,493.59,589.12,247.42,145.86,93.691,1084.5,705.47,396.59,219.44,154.17,926.14,628.47,353.12,198.56,162.97,1029.6,626.04,401.67,193.86,118.18,1104.1,753.04,431.96,232.22,148.69,751.67,655.48,416.2,255.33,218.65,648.91,575.06,359.64,243.09,169,948.78,577.87,384.83,183.26,118.24,505.93,378.86,300.22,188.27,96.171,676.14,564.9,316.76,203.18,146.07,998.88,694.42,432.9,245.5,254.23,510.7,561.96,300.45,195.05,176.67,468.76,454.27,248.48,160.71,96.197,1143.6,777.21,388.24,237.83,183.73,589.8,645.73,322.63,239.3,195.87,1000,876.34,363.57,214.3,156.35,859.29,859.75,341.95,202.71,158.01,1514.1,756.79,415.41,312.33,289.96,1425.7,554.25,332.64,241.99,232.96,488.27,309.65,228.28,187.19,181.56,1967.4,1361.3,908.47,451.03,218.72,3.15E+05,1.59E+05,93507,70247,56370,1.01E+05,64467,42302,35483,28691,96628,22146,12489,9402.6,7472.6,0.53874,0.27098,0.15984,0.12065,0.096253
1,700.97,545.91,331.57,214.36,152.3,860.88,568.72,364.16,211.79,134.64,938.08,587.27,410.66,227.99,151.11,922.7,610.13,366.73,232.32,185.63,651.73,463.78,271.72,179.8,143.32,592.1,442,310.62,174.69,118.91,707.39,466.46,272.43,180.14,130.25,997.96,662.28,470.71,359.24,371.78,657.8,547.1,262.38,175.74,131.45,443.56,440.03,231.3,156.17,93.196,936.45,677.19,304.12,195.99,142.91,770.7,669.8,309.63,210.73,171.99,688.48,782.17,300.62,189.05,141.09,752.63,710.88,319.61,216.75,181.24,765.55,683.87,290.35,184.96,136.15,500.61,527.39,229.89,145.54,92.519,1032.9,599.42,353.11,226.26,154.18,1029.6,581.09,322.65,207.63,160.67,1091.8,591.53,350.5,182.4,110.73,1118.5,628.58,366.63,206.5,138.18,759.72,616.66,379.18,249.29,180.04,709.65,527.97,313.53,205.16,152.21,956.51,546.59,330.59,190.11,118.01,947.04,441.88,312.36,202.72,108.64,641.65,510.63,288.04,188.35,117.84,987.28,608.75,411.76,244.93,229.26,524.03,479.42,266.43,168.49,106.35,442.81,405.26,238.62,158.67,90.728,1109,646.15,348.04,222.15,164.54,560.7,508.21,263.28,173.22,123.84,958.78,729.18,321.23,192.86,135.85,830.28,742.23,302.05,183.49,127.43,2205.2,832.28,412.66,300.44,256.32,1320.4,555.32,342.67,257.3,231.57,2025.8,1031.5,616.94,476.84,380.06,1937.9,1356.2,887.49,444.33,238.28,62611,31624,18615,13935,11149,35731,24384,16474,14256,11488,1.71E+05,42037,24105,18062,14333,0.056093,0.032032,0.024131,0.021678,0.019944
-1,524.28,516.67,331.05,202.06,131.64,565.82,532.38,357.54,209.29,129.93,582.63,544.9,395.97,226.81,135.7,625.45,541.25,328.25,213.22,157.39,456.09,414.14,262.73,170.23,123.43,470.92,387.16,288.83,166.68,105.03,449.19,420.97,265.31,174.52,116.64,632.12,616.67,497.35,372.13,376.94,455.93,515.72,285.36,171.8,133.45,395.06,401.95,226.86,145.51,89.267,576.41,642.37,322.34,188.97,133.49,602.26,667.9,335.61,229.77,190.59,555.92,756.74,304.02,171.72,124.22,594.5,662.12,312.86,188.46,150.98,584.84,637.49,301.15,163.45,124.11,433.02,512.13,232.1,145.42,89.329,635.65,543.36,358.39,205.78,134.39,582.04,507.87,324.02,183.31,140.68,622.27,515.44,367.8,180.79,106.44,677.3,546.78,384.38,195.77,125.74,598.26,535.98,378.6,223.94,158.27,479.97,469.04,301.65,181.49,118.54,657.88,471.15,345.91,176.27,110.62,462.67,325.05,273.66,191.24,97.436,446.91,426.96,266.65,178.27,109.12,620.68,549.41,406.67,259.76,239.86,389.33,467.27,265.81,182.97,135.89,406.46,390.99,219.18,150.47,86.443,644.46,627.91,346.45,217.8,154.08,478.35,556.06,315.98,229.8,188.39,618.23,703.86,327.82,185.39,128.76,620.65,708.68,317.72,169.03,121.26,1020.3,598.78,364.1,276.84,242.94,1443.8,751.15,474.7,350.99,284,663.55,402.45,290.51,220.77,197.23,2660.8,1616.5,1049.9,603.25,404.57,64587,32597,19173,14377,11507,43916,30275,20206,16504,14542,1.48E+05,15387,6863.6,5203.9,4112.6,0.16671,0.085118,0.051991,0.040214,0.033439
-1,684.97,533.81,345.6,207.18,162.73,761.98,559.86,375.11,202.45,132.7,799.83,589.85,411.08,220.61,144.21,805.55,596.71,352.95,224.3,179.19,551.74,480.59,265.98,191.2,155.36,594.74,452.45,305.06,172.15,120.58,614.35,487.92,277.83,206.13,157.23,885.73,710.77,480.96,379.13,360.78,560.26,572.22,305.59,222.11,184.31,442.16,415.53,238.41,154.07,95.321,822.39,680.23,336.37,201.41,165.56,675.31,737.56,367.35,249.56,223.01,692.97,764.05,314.14,189.47,135.79,760.22,684.88,323.43,211.43,168.67,773.89,633.4,304.71,186.88,140.69,501.95,553.51,248.17,140.96,94.486,889.02,566.44,360.98,211.76,155.03,818.92,546.2,320.12,207.92,171.87,780.61,559.97,357.93,185.75,114.06,858.11,609.11,387.85,211.29,142.11,720.38,553.7,372.45,227.8,157.64,589.4,482.61,307.47,190.6,137.31,753.81,527.66,342.93,185.23,117.81,514.76,370.45,285.78,186.2,99.04,567.28,483.01,292.67,190.87,129.42,809.29,609.3,391.34,302.69,274.99,458.76,494.41,274.91,169.55,128.15,440.1,448.86,245.69,156.92,92.919,973.47,712.31,364.37,236.15,186.6,583.81,567.08,307.58,218.81,196.03,919.85,751.28,332.76,202.08,156.01,857.27,704.03,307.86,190.26,145.17,1863.6,953.27,539.18,436.21,430.95,1266.2,557.27,330.72,266.92,238.67,1153.9,606.61,383.83,301.19,255.8,2159.1,1464.7,926.95,502.16,294.47,76217,38499,22642,16963,13658,49040,28407,21116,17856,14463,1.18E+05,19123,10090,7579.5,6046.2,0.21717,0.1101,0.065581,0.049667,0.041019
-1,720.22,577.71,355.82,196.68,146.27,852.18,617.9,406.38,238.64,169.28,904.28,672.38,468.71,333.02,225.48,971.96,642.72,389.64,296.05,225.78,687.2,502,272.88,207.09,175.02,694.02,489.4,332.99,209.21,143.18,767.59,558.38,301.65,211.71,153.96,1205.1,717.68,494.31,384.66,393.21,620.16,679.85,296.87,197.89,162.24,429.87,506.11,242.54,158.37,91.354,1107.1,824.73,351.1,205.59,161.4,737.78,817.44,400.24,287.72,266.12,684.3,923.52,335.43,198.9,161.1,718.21,792.29,361.6,250.46,227.62,735.34,720.69,334.05,196.17,155.62,491.24,594.98,247.54,148.42,95.482,1034.1,662.33,387.89,216.33,152.49,930.49,631.39,345.59,206.27,163.25,789.62,598.66,380.25,189.33,119.68,994.72,665.34,406.56,216.79,143.84,750.66,628.36,401.13,233.5,167.36,642.9,571.19,324.89,204,152.03,754.93,565.55,355.47,186.36,115.57,482.6,377.3,301.09,194.66,95.028,716.96,591.05,316.21,189.92,125.18,972.42,669.82,390.66,261.48,223.34,444.41,528.41,291.83,166.72,118.83,417.01,439.49,236.16,154.85,88.857,1286.9,744.77,391.76,226.67,170.95,562.96,597.84,310.51,198.45,154.53,1029.1,802.59,372.16,197.58,138.4,768.93,789.74,343.7,192.44,131.33,1704.5,828.49,482.64,427.66,364.41,1774,622.26,323.74,244.39,220.28,451.24,287.95,219.4,189.87,170.44,2100.3,1367.7,901.22,435.83,219.33,77899,39315,23144,17363,13859,85311,46405,29791,23682,19552,1.52E+05,60601,35347,26529,21130,0.53568,0.26994,0.15888,0.11958,0.095748
-1,805.67,636.49,371.44,232.62,170.71,935.13,711.65,403.83,220.46,147.25,969.87,758.32,434.95,232.69,151.34,1007,717.69,377.12,220.25,178.46,721.47,548.67,278.02,163.79,126.39,694.22,553.65,322.98,180.38,122.67,653.51,578.59,296.62,183.6,138.11,1066,767.47,465.36,307.35,319.52,658.73,647.12,305.28,193.58,157.83,501.62,504.02,263.13,156.02,98.223,1039.7,801.41,346.35,196.86,168.34,889.51,871.96,388.94,268.82,250.38,755.5,872.83,321.33,178.27,124.95,842.49,786.35,327.23,191.27,146.05,874.47,778.4,328.5,196.59,160.07,512.83,612.29,248.75,143.44,90.613,1082.2,735.34,384.03,232.27,162.96,984.07,649.24,356.51,225.12,170.72,1094.1,774.88,383.65,184.25,113.55,1155.6,796.02,415.67,220.31,156,752.91,653.94,410.77,245.5,189.44,629.56,562.92,330.46,189.88,130.54,973.91,669.46,360.98,174.78,120.57,542.27,438.66,291.24,181.63,91.922,672.27,602.33,305.18,189.27,121.77,945.48,702.01,379.15,242.44,197.86,522.95,591.86,295.33,179.66,135.84,459.69,490.91,241.88,156.2,88.965,1135.4,833.26,378.69,236.6,192.93,674.33,706.09,355.32,260.41,235.04,1031.6,934.69,352.91,204.22,169.36,915.17,915.38,351.43,216.47,186.11,1764.6,807,380.27,244.13,197.54,1392.5,563.96,324.58,270.73,259.23,464.14,276.12,202.39,159.46,133.18,1955.5,1339,880.12,443.12,211.69,17447,8808.1,5180,3933.3,3404.2,83301,57075,39270,30490,26947,1.06E+05,23112,12937,9702.6,7758.5,0.050551,0.028682,0.022451,0.020901,0.018546
-1,837.1,659.88,394.24,226.49,187.32,999.77,702.41,424.7,214.02,149.12,1077.7,730.59,456.74,229.22,161.48,1110.7,750.47,382,228.71,175.53,806.75,546.74,307.19,208.57,167.31,780.83,521.9,341.44,181.05,125.7,795.6,601.68,312,192.22,156.47,1265.3,827.03,560.86,457.23,461.73,722.02,675.83,324.54,213.09,195.21,500.91,502.9,249.4,156.81,101.4,1250.5,840.6,387.21,226.18,184.77,944.63,816.51,425.48,304.04,285.76,829.8,920.64,336.34,188.18,142.52,884.47,815.88,352.34,214.59,180.37,916.11,772.24,335.08,199.22,159.91,590.17,609.24,253.31,148.23,101.72,1230.9,773.97,419.04,230.45,182.79,1189.7,695.9,353.81,221.16,186.72,1284.5,696.45,416.89,187.64,117.36,1310.6,806.09,421.67,237.69,163.01,846.22,708.95,417.81,273.37,224.14,720.59,629.61,325.99,197.87,139.11,1151.6,675.52,389.92,190.59,122.92,575.95,418.6,308.6,196.28,97.534,781.49,642.21,324.2,183.97,133.28,1091.7,740.92,436.95,285.34,270.92,550.02,567.5,309.45,199.6,165.27,504.7,463.04,250.84,161.58,97.766,1384.7,831,409.9,251.36,205.83,689.67,643.78,387.49,309.97,307.04,1173.9,874.56,374.39,217.6,170.87,966.83,822.66,351.03,208.13,168.37,1775.6,896.72,464.69,409.42,337.95,1778.7,691.13,377.88,285.6,274.43,479.02,306.26,223.95,193.18,168.17,2074.4,1386.4,915.52,455.74,246.05,1.21E+05,61035,35895,26958,21442,1.18E+05,81210,55416,42833,38434,1.49E+05,59651,34790,26148,20768,0.76268,0.38546,0.22673,0.17088,0.13519
-1,753.65,583.53,351.95,208.15,132.18,934.66,627.17,401.4,211.1,127.57,1025.1,657.54,454.64,234.63,151.59,1018.1,652.62,434.54,323.09,292.36,714.45,482.94,283.31,178.54,174.26,663.32,479.29,321.8,171.7,112.33,784.43,488.4,301.25,186.26,131.88,1217.2,670.53,482.39,326.61,328.69,700.14,593.71,290.77,172.43,127.56,501.17,429.58,243.84,159.05,93.146,1088.3,744.14,332.41,190.21,137.51,778.26,755.53,340.64,228.96,187.21,688.73,810.78,318.11,177.88,136.13,695.18,726.6,323.15,207.48,173.52,699.44,663.64,297.9,178.25,137.77,469.02,494.31,243.06,150.56,95.664,1078.1,649.45,374.69,225.05,139.32,982.43,597.01,320.1,199.56,138.49,955.06,628.5,367.7,191.57,112.2,1075.8,671.11,373.19,209.11,130.26,707.1,599.32,407.24,247.66,180.31,689.74,526.88,349.28,211.29,161.59,859.53,545.59,335.35,182.62,116.49,467.33,360.44,287.71,190.26,96.906,735.92,507.08,333.22,218.71,166.43,1066.1,621.16,406.19,267.72,237.78,522.74,503.88,298.22,184.89,134.21,418.94,391.34,242.83,166.46,97.899,1300.9,687.45,374.89,221.33,156.6,599.01,586.42,325.82,231.26,207.87,1049.3,738.99,341.96,192.34,134.37,801.07,713.35,311.71,177,131.12,1726.6,714.6,366.45,267.03,204.14,1641.8,570.23,300.13,200.61,189.36,486,302.3,207.51,173.79,147.12,3116.5,1818.1,1124.4,734.85,556.49,1.35E+05,68236,40177,30121,23982,38901,24601,17226,14601,11941,1.10E+05,15674,8406.2,6293.5,4998.2,0.76153,0.38679,0.2271,0.17106,0.13617
-1,705.98,657.03,363.32,204.52,143.86,794.74,704.61,404.23,216.09,135.21,832.26,717.08,434,223.9,137.43,864.71,680.27,356.9,195.01,143.06,634.06,532.34,277.15,163.2,108.9,674.48,502.76,316.16,168.48,111.08,626.72,530.39,287.51,159.43,121.01,882.57,699.34,436.24,296.99,299.57,620.39,658.04,302.48,177.82,146.74,447.62,508.38,249.69,143.25,88.178,838.71,836.61,361.6,192.57,153,793.77,882.4,406.56,275.67,267.58,679.94,956.24,348.44,191.16,148.83,741.88,797.02,359.32,237.55,206.27,770.67,737.45,329.47,192.33,143.23,485.97,675.2,262.06,142.82,88.877,888.29,728.25,398.36,227.73,160.25,842.14,646,350.72,200.96,158.01,1028,709.69,385.16,188.23,113.23,1025.1,758.15,426.48,222.37,148.14,792.39,663.81,400.75,234.32,172.72,641.55,560.96,325.85,186.94,124.92,928.01,630.05,373.19,185.68,111.84,554.5,405.66,298.12,189.92,94.919,636.96,576.04,306.59,171.91,119.5,902.19,649.06,365.7,225.56,178.56,543.1,569.37,291.4,176.91,127.49,480.46,518.59,252.86,146.55,87.236,938.62,765.88,378.53,224.35,162.35,687.36,661.59,339.34,249.87,206.33,872.42,855.05,356.66,189.93,134.31,810,817.3,333.38,177.78,124.1,1441.4,722.8,366.96,284.83,230.1,1083.3,502.41,341.9,240.22,213.64,518.19,316.96,227.62,172.25,144.39,2316.5,1458.4,927.65,497.66,285.19,41027,20720,12222,9147.3,7311.3,81358,50276,36681,31069,26259,1.07E+05,22948,13152,9839.6,7825.3,0.067226,0.037666,0.026418,0.024004,0.023297
-1,743.4,622.82,378.05,232.89,201.22,962.6,677.41,418.12,235.07,193.45,1081.1,740.91,475.81,263.34,245.88,1057.5,732.17,412.63,284.58,253.44,787.74,550.41,286.87,192.12,168.95,716.05,485.17,341.97,186.38,150.46,871.38,557.89,300.52,201.96,169.69,1338.6,792.19,544,404.97,419.74,741,620.32,308.3,201.28,173.02,445.37,467.01,248.48,160.44,95.821,1284.4,866.56,371.13,229.21,194.96,850.48,826.71,401.08,293.45,276.67,738.43,932.82,338.18,193.84,155.93,783.16,802.28,352.81,230.34,209.42,754.81,716.15,329.12,186.38,153.76,504.71,582.75,263.48,150.23,98.893,1144.8,717.92,408.71,241.9,180.96,1068.7,640.41,371.27,224.1,199.56,900.74,635.4,373.08,199.96,122.71,1115.8,716.1,410.51,233.52,164.53,797.77,642.77,417.62,230.36,180,724.66,560.81,334.14,196.5,145.76,893.49,595.08,352.06,187.61,125.66,507.69,386.52,293.03,197.98,101.33,811.99,559.22,301.14,192.52,138.24,1103.6,751.4,390.44,245.43,240.73,493.25,524.64,290.48,173.81,143.72,456.91,459.67,244.65,164.6,97.512,1473.9,839.99,407.78,257.94,222.06,576.92,625.44,348.26,254.28,234.04,1177.2,854.33,368.46,214.38,174.81,851.36,778.72,340.78,181.34,151.92,1803.9,831.35,404.61,281.12,248.39,2021.1,770.61,393.58,301.59,320.29,521.53,326.75,228.59,177.87,169.25,2008.8,1344.1,889.96,446.76,262.26,21844,11023,6460.5,4859.3,4334.4,40869,27806,18501,15646,12906,1.23E+05,27395,15084,11249,8935.7,0.12238,0.062305,0.039045,0.031337,0.026768
-1,817.03,563.78,397.22,258.15,224.06,988.47,596.72,422.46,223.25,182.02,1047.2,645.72,441.79,230.21,179.58,897.65,628.68,371.88,210.6,164.11,717.43,531.64,283.43,180.1,133.53,781.56,470.81,319.3,183.25,127.73,618.07,502.23,274.61,187.95,146.32,985.18,722.98,476.27,342.25,360.12,633.83,589.04,309.46,215.22,191.86,447.52,419.81,237.9,156.75,93.332,1041.5,706.26,359.05,218.43,187.06,942.2,771.68,409.47,306.68,304.8,774.86,780.01,327.43,185.66,141.87,839.56,704.99,338.49,221.87,192.8,898.32,683.4,309.27,175.64,146.05,557.42,556.09,246.99,142.62,90.929,1218.7,670.98,423.16,275.36,237.03,1132.6,585.34,367.44,232.97,203.86,1374.3,635.85,390.41,177.63,118.03,1308.9,690.02,427.43,244.7,191.78,736.43,622.31,446.23,311.74,276.73,598.58,525.53,346.81,237.22,188.55,1147.2,580.84,354.46,175.71,125.76,582.73,376.3,278.99,184.12,95.674,631.95,551.31,308.74,186.05,136.14,966.48,657.91,391,246.84,226.49,573.8,561.81,276.62,187.36,147.04,461.62,453.29,252.44,152.47,89.344,1141.2,729.08,371.71,250.25,213.43,765.59,656.08,354.18,296.73,280.14,1060,778.12,333.76,199.11,162.61,960.92,753.34,308.45,173.75,136.62,1378.8,683.6,356.96,263.68,204.05,1404.5,574.12,383.31,324.15,301.85,695.88,389.6,258.67,193.71,165.77,1868.5,1305.4,864.55,434.74,266.15,1.05E+05,53273,31340,23532,18799,56377,37597,24490,20207,16227,1.14E+05,35829,20779,15634,12426,0.62201,0.31449,0.18522,0.13903,0.11113
1,701.38,608.35,343.34,200.3,145.79,789.94,660.61,379.68,202.84,132.01,800.26,671.68,406.69,215.59,145.01,784.23,624.53,340.85,201.77,156.67,575.99,513.38,259.98,163.43,131.31,611.08,495.73,305.54,172.18,119.28,578.61,525.74,284.24,182.26,135.86,825.94,740.78,462.33,367.08,349.69,574.62,658.44,277.9,180.83,127.43,461.51,483.3,242.85,149.22,90.719,814.8,828.88,340.31,206.23,166.7,761.31,816.99,318.75,207.87,154.69,693.88,937.57,310.7,172.8,119.92,769.77,817.47,301.02,182.86,139.79,808.77,774.16,310.11,194.77,149.88,515.56,617.31,250.99,139.79,94.918,894.55,678.12,358.43,218.28,155.5,825.41,626.76,335.01,201.96,167.69,1014.4,723.34,367.55,186.16,113.68,1018.7,764.67,384.24,215.15,148.76,664.95,620,374.39,224.76,148.03,558.55,553.88,312.49,184.28,118.54,904.99,663.64,348.31,189.01,120.76,511.86,394.58,271.59,188.46,95.185,561.03,565.65,296.56,191.99,120.56,808.26,673.65,397.39,249.6,230.5,495.28,555.71,263.17,168.72,110.89,473.9,477.76,225.99,149.93,87.594,882.64,775.72,363.94,239.35,188.35,601.52,619.99,280.61,181.49,140.7,874.39,873.15,346.85,211.03,163.14,850.37,842.56,334.06,215.45,176.17,1321.4,708.29,381.87,293.24,226.76,1090.7,575.2,357.75,282.84,284.14,595.44,343.42,231.51,186.86,157.36,1869.7,1294.5,858.14,452.46,296.77,1.12E+05,56644,33322,24997,19924,53665,34833,24832,20383,17385,1.06E+05,16415,8763.7,6631.8,5230.7,0.22851,0.11745,0.068422,0.053155,0.042898
1,641.1,546.68,366.49,206.14,152.28,716.5,549.13,381.72,209.34,139.02,751.77,548.35,407.19,227.99,149.03,774.41,566.88,360.47,221.41,186.03,585.18,440.74,270.11,177.4,145.11,551.54,411.46,312.44,178.63,123.59,593.34,475.26,273.37,185.55,144.87,897.39,658.29,457.98,373.81,381.13,563.04,538.5,305.09,203.84,173.81,449.37,417.06,241.29,151.67,91.479,808.26,660.25,340.53,219.59,180.61,693.11,702.53,399.7,301.63,288.91,623.4,714.6,333.26,195.69,153.72,682.77,691.4,348.47,235.13,203.49,702.76,651.6,317.34,199.09,156.01,441.8,476.66,253.69,145.12,91.195,851.64,617.56,386.72,228.18,164.79,742.19,546.16,355.84,227.4,188.78,783.69,530.65,367.13,182.73,114.65,857.54,592.82,407.03,223.46,158.45,703.34,553.09,387.31,227.23,157.35,579.55,475.84,313.57,191.98,127.19,732.55,476.1,351.51,177.27,124.22,464.86,339.43,283.41,187.41,94.594,591.24,490.77,291.96,187.04,129.56,778.06,576.83,365.31,253.31,227.37,438.71,496.24,290.48,180.13,136.52,432.48,408.1,248.26,147.52,88.444,940.14,682.9,372.12,253.1,208.06,590.1,614.72,369.65,293.13,262.14,851.94,745.24,337.78,212.3,162.76,751.78,758.87,321.14,192,150.2,1431.8,762.86,495.74,460.41,491.34,1327.9,635,393.05,329.85,308.81,439.56,294.44,215.1,189.78,181.69,2322.6,1467,961.96,512.44,312.7,5646.7,2848.3,1704.3,1400.5,1883.2,39318,25650,20478,17229,15719,1.42E+05,58128,34100,25615,20361,0.16818,0.087672,0.052386,0.04082,0.033572
1,612.99,525.68,333.79,201.67,135.38,661.56,538.52,370.18,199.02,127.74,696.7,541.05,404,208.14,143.46,727.12,550.2,330.31,198.27,146.1,531.41,434.19,249.22,168.74,126.98,528.58,421.32,308.28,185.72,126.8,540.68,493.95,278.92,184,138.13,756.76,643.14,421.6,374.91,339.97,539.6,562.62,271.91,168.93,127.92,404.89,465.7,238.48,150.99,85.779,663.2,702.57,340.92,210.98,172.41,636.86,678.03,300.14,173.71,127.58,623.27,807.35,299.33,173.78,122.28,679.02,720.23,308.03,176.39,132.15,671.38,674.67,301.32,168.4,118.78,448.16,545.59,234.11,144.21,87.923,724.9,602.27,349.34,218.17,151.45,737.56,567.06,330.83,218.83,179.82,782.55,577.7,354.07,180.07,110.94,795.45,644.38,378.09,218.48,153.01,623.04,582.95,351.09,222.81,134.68,536.36,524.88,302.95,181.97,114.54,751.72,557.37,328.63,186.85,118.52,478.92,382.88,273.83,194.78,95.43,509.6,548.18,301.4,183.77,128.69,753.02,594.67,371.62,234.57,218.74,448.46,518.73,262.64,141.69,99.229,419.98,435.19,226.45,152.17,82.569,765.07,678.21,376.63,253.94,207.82,544.17,577.2,266.04,164.36,124.4,731.6,762.34,338.83,205.38,156.84,707.89,765.53,319.8,174.78,130.08,1099.3,577.44,346.19,252.94,212.79,854.55,439.31,362.69,322.65,304.41,491.58,328.93,225.19,179.43,148.83,2010.7,1362,905.9,473.64,278.16,53159,26841,15800,11874,9497.3,54350,35844,25563,19870,16905,1.17E+05,10962,4866.1,3657.9,2932.1,0.25861,0.1303,0.077884,0.060088,0.047002
1,647.4,477.27,344.38,195.87,143.31,736.5,519.05,380.44,200.7,126.85,791.91,542.28,407.76,208.12,129.07,818.51,554.15,350.75,228.28,188.74,619.47,400.52,261.12,158.19,117.63,586.84,409.91,304.21,156.16,105.01,629.12,432.06,281.61,161.66,116.33,920.14,612.98,449.95,316.15,330.41,549.97,509.73,277.84,162.25,120.01,451.19,385.4,235,139.83,91.824,925.59,661.11,333.48,187.76,138.04,701.45,657.69,319.1,189.68,152.63,658.15,690.25,308.76,175.73,122.41,682.33,622.08,313.26,184.56,144.85,668.02,559.73,288.08,165.21,121.7,479.09,436.18,242.94,137.87,94.636,895.87,553.49,363.37,209.56,152.1,781.48,504.72,323.56,185.9,141.95,762.29,504.9,350.66,175.14,104.15,885.39,555.16,376.82,193.66,125.63,711.35,490.32,372.12,224.87,159.6,571.15,435.15,308.21,172.32,116.76,729.02,484.43,336.95,177.91,112.72,499.24,344.91,292.62,179.83,97.374,595.11,450.71,289.22,177.44,107.18,822.23,565.54,399.84,238.5,222.3,410.16,447.72,270.99,160.35,113.84,421.18,371.05,239.52,152,88.993,979.75,646.51,360.8,207,158.96,504.55,498.63,276.53,182.05,154.63,848.9,661.76,334.3,184.02,132.16,721.56,636.39,302.9,167.8,117.61,1560.7,767.79,423.58,302.03,252.29,1353.1,613.31,329.89,221.91,197.89,691.02,427,295.96,235.72,193.93,2651.9,1553.2,997.09,564.62,393.77,87713,44297,26088,19597,15558,66083,45596,28434,24635,19853,1.87E+05,44765,25890,19449,15440,0.076625,0.040861,0.029198,0.024624,0.021955
1,661.49,568.43,380.21,203.03,147.43,839.97,604.71,417.41,200.87,127.32,919.77,625.83,443.4,210.5,140.67,873.88,640.87,433.26,279.13,271.89,739.86,473.57,282.86,159.45,128.31,720.14,449.01,339.68,156,120.39,759.31,499.66,286.96,160.5,122.64,1189.3,698.59,414.06,310.02,282.22,644.52,627.76,285.88,163.66,123.16,448.92,475.34,259.98,147.53,90.085,1161.7,821.4,345.55,187.64,152.46,750.76,796.99,332.45,202.76,169.04,706.41,888.95,326.67,173.18,132.32,761.56,772.03,328.99,187.09,155.44,727.67,692.8,317,180.2,141.83,484.33,552.7,263.79,141.35,90.172,1127,638.18,409.71,221.53,157,894.37,612.84,366.6,201.73,158.45,773.69,574.9,396.87,173.49,114.4,1057.6,669.09,422.12,214.36,142.37,835.47,635.08,427.44,226.89,165.71,620.99,558.96,333.18,179.8,116.94,769.57,556.55,372.65,174.45,113.25,498.76,368.38,326.54,179.14,93.032,728.48,556.85,310.09,181.92,116.58,1015.4,645.95,348.61,196.83,157.25,456.93,514.64,278.83,153.56,109.96,442.09,442.58,248.69,152.08,85.269,1383.5,745.5,386.39,212.19,176.46,563.77,593.69,310.72,175.52,167.43,1118.4,797.49,363.14,194.45,149.38,821.54,781.54,343.85,193.75,153.86,1658.4,692.21,369.87,256.22,214.87,2201.2,703.86,384.63,262.31,257.22,414.69,271.7,199.62,160.47,135.06,1928.8,1417.9,914.39,445.18,217.58,15641,7820.8,4632.4,3574.6,3778,1.18E+05,81700,53172,42572,36363,85150,15388,8158.1,6118.2,4871.9,0.20546,0.10535,0.063295,0.047147,0.039151
1,685.31,576.45,369.29,237.62,174.07,820.58,629.09,398.49,233.1,164.06,906.43,650.67,429.53,243.18,185.21,944.53,647.09,424.37,310.79,291.45,676.39,495.73,289.05,232.73,203.84,669.63,474.35,310.19,191.82,148.09,760.19,505.26,287.85,212.49,183.88,1179,726.72,485.29,426.09,443.33,670.11,599.95,290.14,207.52,176.49,452.33,421.08,238.99,149.4,102.35,971.88,746.92,365.12,228.3,211.3,711.52,728.59,340.13,237.14,200.18,706.77,814.09,317.85,182.73,145.85,776.52,745.97,322.55,204.03,168.71,827.83,687.48,310.44,185.41,138.46,493.29,512.51,248.19,144.67,102.28,912.96,650.47,396.35,226.73,178.14,971.41,643.9,341.19,230.68,226.37,856.67,609.27,365.58,186.1,117.55,952.24,682.27,406.01,219.78,162.62,759.48,590.31,393.77,237.25,172.87,703.37,532.14,308.72,187.97,136.35,800.33,553.54,334.09,186.21,127.69,489.78,344.2,278.46,187.17,103.78,699.29,480.75,290.9,183.64,147.88,969.91,660.11,389.87,310.51,293.92,463.24,459.33,269.84,180.43,122.26,440.92,390.98,227.89,161.91,98.407,1192.1,734.25,403.66,265.92,255.14,575.98,544.66,332.03,258.21,223.79,1038,773.03,361.79,222.15,188.2,890.72,740.08,320.94,192.11,143.96,2172.6,1009.6,592.2,511.64,641.88,1501.9,694.72,392.43,335.92,374.16,605.41,368.95,301.41,319.7,337.8,2356.8,1428.8,927.4,493.7,323.55,9676.6,4909.1,2904.1,2191.3,3063.7,39875,25246,17327,14298,12087,1.52E+05,16554,7133.9,5210.5,4107.8,0.25096,0.12619,0.075732,0.057717,0.046552
1,750.42,575.94,378.36,210.6,165.45,916.93,623.91,415.58,217.65,140.16,1028,675.35,449.88,234.6,151.18,1052.9,701.36,419.03,273.47,245.76,802.12,535.31,298.92,221.62,176,765.45,500.81,321.94,179.91,127.22,874.92,565.79,288.49,201.12,155.58,1341.6,810.17,508.53,423.65,411.62,699.73,589.99,298.21,197.49,159.38,474.16,433.66,248.41,149.24,97.588,1223.9,781.21,371.86,218.23,173.19,734.03,681.13,368.71,250.8,214.47,773.14,770.26,337.22,198.69,139.92,860.3,704.97,347.78,223.41,176.25,846.55,701.97,324.4,198.9,147.75,527.83,530.4,258.29,141.54,100.79,1097.1,693.9,404.2,225.44,165.39,1103.8,629.85,366.23,218.51,184.57,884.03,634.88,398.69,186.85,113.37,1090.5,748.22,434.67,216.68,150.71,819.82,620.48,412.91,251.7,176.07,736.18,551.22,331.32,192.49,131.17,827.05,602.36,384.93,185.76,120.09,488.82,379.79,299.42,184.14,94.769,786.7,561.49,305.81,179.44,127.31,1112.4,740.24,409.35,334.56,275.68,449.93,521.03,271.85,175.28,128.66,463.03,421.95,240.63,147.03,93.74,1425.9,874.74,394.38,247.57,200.6,564.42,592.55,302.37,229.03,197.86,1148.4,876.21,365.59,210.64,161.74,894.32,812.25,339.02,201.95,151.83,2131.4,931.72,509.45,469.02,516.02,1962.4,802.34,350.92,270.39,254.56,431.25,288.81,216.66,206.71,199.64,2003.2,1436.3,915.52,431.31,227.36,23986,11944,7046.1,5392,6416.3,1.41E+05,85712,56724,47564,39168,92225,21840,12407,9356.3,7443,0.18766,0.095513,0.057541,0.044446,0.036788
-1,694.95,580.7,384.63,222.21,171.9,819.4,617.99,430.87,223.9,153.47,862.5,626.92,447.05,226.96,153.28,875.84,604.97,364.64,210.3,168.07,652.16,471.47,265.64,165.89,130.02,625.95,470.2,322.11,169.35,113.01,699.48,544.49,282.77,173.72,136.77,1023.5,675.62,515.42,364.09,369.34,576.29,631.34,295.74,168.13,139.19,420.36,466.26,247.75,150.8,95.144,981.68,809.66,368.3,196.35,157.24,665.18,786.32,342.36,209.38,174.43,652.47,901.26,333.59,171.14,129.77,713.67,760.83,331.77,189.41,152.2,739.36,707.97,330.07,200.5,159.35,496.87,561.63,260.77,140.75,97.607,986.46,655.14,407.69,220.03,168.64,906.7,609.81,349.47,200.9,171.61,826.5,625.07,394.14,184.48,114.18,983.68,690.01,410.31,213.82,146.31,739.54,611.74,403.01,221.89,159.96,622.11,539.93,324.03,182.85,124.05,798.03,596.02,357.11,184.69,117.62,493.89,390.95,278.56,187.05,99.216,659.2,525.55,302.39,179.49,120.04,912.89,637.32,390.79,252.04,237.09,472.25,531.43,279.11,173.02,113.07,426.51,422.68,245.83,152.68,91.195,1148.2,742.31,402.6,229.01,184.64,512.86,582.72,288.97,199.69,156.82,964.57,805.6,370.29,208.18,163.66,794.27,776.98,356.63,222.85,188.64,2061.4,930.2,461.42,344.15,307.65,1561.7,596.54,341.53,234.6,238.91,553.87,331.94,233.53,188.87,159.98,2098.5,1366.4,890.43,510.75,326.53,31876,16045,9431.6,7033.3,6164.9,49527,32681,22464,18968,16320,1.41E+05,50609,29631,22251,17677,0.14535,0.073101,0.045172,0.035234,0.029696
-1,641.67,614.05,394.09,215.95,157.26,735.51,638.68,421.23,211.98,135.93,803,674.31,453.47,237.35,156.4,770.08,669.44,379.02,217.69,170.87,556.7,516.84,306.84,245.21,184.12,596.77,500.34,335.39,185.59,134.19,565.79,525.12,298.9,213.85,163.16,857.3,724.35,541.95,471.01,489.04,575.83,644.17,330.07,237.75,207.32,437.82,503.95,249.72,153.41,96.946,769.33,807.56,364.32,228.11,189.92,785.7,835.54,418.36,314.09,313.91,694.26,961.94,331.04,186.56,146.64,721.15,804.24,352.79,225.05,190.34,736.5,744.51,326.66,207.98,164.17,478.54,609.38,262.08,147.05,92.427,803.54,647.16,398.2,226.32,168.98,774.8,619.93,352.16,228.19,189.92,886.48,668.4,401.38,186.44,116.73,949.33,771.88,417.21,236.95,158.77,666.34,621.83,420.38,249.46,201.5,572.53,577.25,340.17,202.48,144.75,801.37,658.36,372.11,184.51,121.7,502.52,407.34,294.54,186.84,96.956,575.29,579.3,317.35,187.42,137.18,776.7,667.86,442.59,374.37,303.04,468.17,547.66,316.45,204.61,168.83,470.66,463.12,261.78,156.02,90.388,831.53,717.3,398.63,250.2,214.39,580.23,690.67,415.56,327.45,325.42,796.59,818.58,363.27,218.84,171.68,753.7,801.43,344.14,210.46,164.64,1274.7,735.16,475.63,488.15,498.13,916.03,451.12,313.23,282.25,276.32,650.87,359,256.93,221.72,223.27,2019.6,1406.2,893.27,467.51,254.74,62146,31322,18473,13849,11973,1.31E+05,71157,47342,44727,35475,84112,8633,3872.6,2899,2301,0.071449,0.040883,0.027612,0.024534,0.021583
1,629.79,549.88,346.79,217.93,163.36,727.23,582.7,378.77,209.74,129.2,797.43,607.99,407.79,223.71,139.01,804.12,636.21,369.82,263.9,232.29,587.21,460.1,267.8,162.11,124.13,569.88,451.24,321.73,169.95,108.45,642.05,498.68,271.31,171.51,123.66,895.13,683.01,416.48,294.08,274.23,625.87,592.73,282.16,174.93,133.84,435.66,417.44,237.86,154.82,90.546,814.82,725.56,340.51,195.87,144.68,763.52,760.88,363.35,220.27,190.94,689.34,780.93,328.45,182.78,135.28,741.82,708.78,335.52,202.52,161.51,737.14,658.46,316.93,182.8,133.94,449.84,507.77,259.02,141.07,92.426,802.67,614.94,379.82,210.96,146.34,767.61,562.08,333.87,194.34,153.83,822.55,594.1,383.59,187.74,115.22,878.12,645.85,393.03,209.28,132.86,693.78,589.82,407.82,233.65,166.27,608.45,509.75,328.66,207.42,161.71,787.36,560.44,357.31,185.77,117.24,1055.8,558.6,365.31,248.64,107.27,599.54,549.5,298.22,190.67,125.04,813.13,601.58,344.25,220.13,166.03,482.36,498.5,281.17,173.97,123.58,459.4,414.59,244.69,150.53,90.266,905.52,705.43,363.66,233.94,167.7,571.89,566.7,335.41,266,246.33,838.64,761.33,336.74,198.59,138.31,765.81,736.42,319.9,186.85,139.29,1409,716.73,394.99,290.66,254.78,1164.8,574.52,307.23,228.35,213.29,1114.4,603.7,365.08,288.54,234.79,2035.7,1385.9,908.69,464.73,242.19,2.46E+05,1.24E+05,73169,54901,43757,52478,30895,20168,16238,13564,1.80E+05,68674,40421,30315,24140,0.248,0.12567,0.074746,0.056592,0.046326
1,772.3,625.65,372.12,221.91,166.69,891.38,671.4,417.02,219.62,155.31,931.91,698.39,454.17,229.89,155.88,931.82,722.97,375.56,227.99,172.67,720.92,571.14,303.99,210.93,168.39,664.31,505.33,327.08,173.77,116.9,690.65,555.71,291.73,194.64,145.37,1078.6,796.43,477.18,394.37,367.12,640.27,672.42,313.69,213.08,172.13,455.14,476.02,244.31,153.65,96.906,1053.1,796.06,353.04,197.31,157.18,864.76,839.31,401.13,283.39,263.26,763.88,853.9,325.02,190.55,138.89,837.06,792.59,333.04,204.46,163.17,836.26,739.06,320.51,199.86,162.26,527.77,580.12,251.35,147.97,96.034,1108.1,735.82,389.27,213.65,152.02,955.44,663.98,345.03,198.91,165.51,1062.8,708.4,394.7,185.58,115.74,1191.7,797.09,411.03,215.4,140.77,788.05,677.78,411.52,219.41,164.08,623.75,598.98,347.09,184.2,132.28,959.8,662.11,370.29,190.25,117.5,506.36,400.22,290.87,193.34,93.152,638.12,586.33,302.13,192.65,118.86,960.95,712.6,394.26,245.49,225.1,522.77,570.98,292.72,186.56,140.22,448.58,470.89,240.06,164.38,91.712,1167.5,762.7,371.47,229.5,174.63,718.85,653.43,380.04,304.37,291.81,1041.7,801.78,344.2,206.96,156.16,898.65,777.54,338.19,219.53,180.94,1649.8,912.39,485.55,403.03,363.54,1478.2,633.16,327.65,231.03,214.01,683.84,385.04,262.36,226.41,200.94,2272.5,1413.4,941.61,483.37,267,27592,13944,8155.7,6065.7,5316.6,83422,50013,34041,27307,23964,1.21E+05,35918,20719,15539,12390,0.50262,0.25337,0.14948,0.11254,0.089819
1,739.67,665.47,472.61,368.01,331.49,848.12,768.43,580.12,426.48,425.38,951.26,908.08,647.71,603.77,536.57,958.73,818.86,564.3,579.86,514.86,801.77,741.45,556.53,590.12,626.45,672.11,571.57,424.64,346.63,311.53,655.01,609.92,413.46,427.18,385,987.52,751.14,583.32,491.71,518.04,680.74,629.05,370.67,321.92,314.17,417.5,471.69,253.15,171.29,132.65,841.29,796.29,402.45,267.83,238.37,871.22,845.18,498.25,444.01,393.32,749.37,901.83,362.62,234.38,193.61,848.07,811.44,397.24,300.62,269.2,890.3,762.56,379.7,272.43,246.36,513.08,599.62,265.42,158.53,118.7,906.85,677.29,419.44,253.98,214.05,847.21,629.72,398.92,267.74,246.11,1037.8,690.09,423.55,225.9,170.75,1018,712.02,460.41,272.22,228.65,820.76,705.92,490.8,379.21,360.6,681.15,662.84,508.63,514.79,423.74,946.96,600.04,393.04,218.49,171.48,606.38,382.34,293.34,201.9,125.24,595.38,541.1,346.65,272.12,234.72,907.27,741.62,509.54,478.94,423.63,502.05,569.79,347.97,296.08,267.17,453.74,470.74,245.99,167.68,118.3,980.77,763.58,451.65,291.19,279.76,693.86,715.97,492.95,465.93,471.75,957.53,821.14,413.43,263.64,238.57,944.07,821.42,404.89,291.48,260.7,1596.9,822.02,480.88,380.56,372.65,1427.9,692.2,486.22,372.7,383.42,969.16,697.21,397.05,323.52,282.49,2110.7,1408.6,957.52,483.37,270.5,4.44E+05,2.24E+05,1.32E+05,99061,80332,1.05E+05,66204,46822,36317,29457,1.34E+05,58247,34189,25660,20413,0.96618,0.48825,0.28897,0.21649,0.17234
1,742.31,664.56,390.91,259.47,217.47,868.01,690.23,419.69,239.67,178.72,952.81,711.94,463.62,254.56,197.33,986.87,740.05,390.34,250.46,220.85,721.52,576.35,309.69,219.31,188.15,699.04,493.29,344.57,188.01,153.62,694.63,548.06,310.25,220.25,180.51,1159.8,785.84,492.38,416.15,416.58,698.34,681.94,316.3,238.71,198.28,442.15,475.49,246.71,171.86,95.149,1041.1,852.94,364.23,235.02,202.52,869.47,874.47,403.47,293.12,278.97,759.34,918.25,320.72,185.32,136.2,794.45,803.61,329.51,197.96,168.61,794.5,747.26,319.15,189.05,153.02,509.66,603.31,254.15,153.31,94.811,1038.8,798.14,435.71,292.16,245.64,1016.6,710.6,379.69,263.12,238.31,1062.8,726.8,404.32,189.79,125.01,1117.5,867.71,452.79,267.23,212.71,816.05,695.16,479.56,326.7,275.73,728.51,595.6,348.71,241.92,184.3,926.35,655.33,372.41,199.58,134.47,512.64,389.79,305.83,204.82,97.146,721.47,571.77,306.38,202.18,148.51,1057.9,727.15,418.06,280.87,269.05,545.16,583.91,307.31,191.61,156.86,442.12,466.39,255.56,163.63,97.289,1157.6,812.87,400.87,275.29,235.91,647.08,679.95,387.44,290.84,287.78,1013.8,858.18,367.04,229.01,185.09,856.93,814.08,342.91,202.27,163.79,1506.6,794.75,436.59,417.8,419.48,1507.2,641.62,370.27,337.07,344.55,527.57,335.18,243.23,229.09,228.84,2234.4,1400,920.71,498.98,328.56,4085.7,2068.6,1226.8,965.99,1196.4,60739,37530,24054,19378,16223,1.18E+05,35300,20526,15384,12249,0.36497,0.18372,0.10862,0.081873,0.06585
-1,725.64,592.6,365.79,195.67,150.42,847.91,638.2,411.33,196.1,133.37,917.55,667.77,458.7,225.49,154.7,908.38,664.71,366.77,225.89,181.51,728.27,535.44,281.65,198.3,177.57,691.37,493.3,323.42,167.52,120.17,734.15,542.36,288.31,189.65,139.52,1094.9,747.47,436.23,355.65,342.58,605,644.08,280.27,196.72,157.48,444.81,463.42,243.57,146.58,94.948,1043.9,851.06,343.34,181.06,142.99,702.35,794.98,362.57,259.28,232.2,712.02,865,324.49,176.85,128.52,739.66,755.89,326.16,193.43,148.42,761.2,709.12,328.37,188.79,158.8,503.58,579.9,258.78,135.38,92.811,1031.4,736.05,391.66,210.34,152.37,972.4,625.33,343.17,200.26,155.88,936.7,639.78,386.42,183.72,107.83,1045.7,719.08,407.61,202.73,150.57,719.84,642.05,397.87,219.77,184.76,615.64,547.77,311.55,195.4,152.49,852.38,586.54,347.92,177.45,111.22,500.72,371.69,269.24,180.79,92.724,655.04,545.05,286.95,177.52,115.38,945.28,658.42,380.57,249.94,206.2,452.13,524.7,292.65,174.38,135.87,450.74,444.43,238.37,147.97,87.343,1204.2,815.96,383.31,214.48,165.76,590.66,569.13,362.75,247.14,235.9,1036.3,843.52,359.29,196.44,154.44,853.15,787,347.71,207.26,183.26,1356.2,718.37,397.17,315.65,258.87,1800.4,789.48,395.78,263.34,233.06,463.58,302,211.02,175.82,153.85,1937.7,1353.9,863.59,442.06,222.74,83341,42106,24757,18579,14868,1.15E+05,70488,46046,36799,31753,99560,13641,7400.5,5576.2,4451.2,0.13578,0.070722,0.044044,0.034565,0.029826
-1,601.55,544.75,351.27,195.87,125.19,676.61,557.93,388.02,196.01,124.38,682.29,569.43,419.85,213.49,156.89,641.71,586.52,361.86,211.95,165.01,522.03,451.26,275.48,160.77,116.31,493.78,400.84,316.74,169.05,108.81,537.21,478.93,279.02,167.22,124.39,670.97,611.47,379.69,257.17,236.98,552.23,581.95,281.38,168.39,132,472.79,456.99,237.97,148.89,88.11,690.03,703.65,322.94,188.18,141.01,721.31,723.43,349.38,232.09,216.13,675.93,823.42,327.59,183.82,150.28,730.69,703.19,353.79,227.06,213.81,746.17,663.83,317.72,182.58,150.67,487.78,553.51,242.02,141.33,88.709,824.42,600.62,378.25,209.1,139.04,750.13,557.24,334.9,197.11,146.58,898.54,563.85,371.84,187.02,110.58,892.08,630.48,390.84,210.99,130.15,652.29,557.9,400.8,227.45,144.85,546.27,491.19,321.62,194.58,122.96,790.87,523.65,353.84,185.69,110.77,501.72,357.61,291.56,189.88,90.865,458.69,461.33,291.91,177,112.85,685.07,589.01,354.43,227.21,175.25,468.45,531.46,276.44,161.51,124.05,441.58,430.38,235.95,147.77,84.394,694.27,689.25,361.44,207.16,150.82,570.49,621.53,309.17,198.66,180.88,754.82,784.18,341.28,180.34,128.94,803.63,768.35,323.68,174.83,133.76,745.39,524.48,328.68,245.69,185.56,734.57,396.74,292.15,207.36,191.4,485.03,305.23,213.97,183.24,152.59,2149.6,1451.7,920.97,472.1,271.07,99400,50155,29511,22150,17647,35763,24337,15736,13296,10685,1.12E+05,11833,5675.2,4235.5,3397.5,0.051461,0.026631,0.022339,0.01981,0.019478
-1,799.87,611.85,368.92,213.97,148.3,876.26,656.53,417.35,223.1,167.59,907.67,682.1,465.7,264.57,211.88,895.59,678.31,409.49,314.62,273.92,660.54,546.01,300.07,213.24,167.2,628.65,514.81,321.92,192.99,127.12,634.23,546.4,301.45,194.6,136.5,926.84,702.14,427.83,302.27,282.61,686.75,636.39,301.48,178.94,132.57,504.34,480.43,243.69,154.45,97.009,1014.1,792.89,340.37,193.86,135.5,861.72,776.27,357.5,231.12,202.98,780.15,858.78,324.92,188.85,141.32,830.06,750.03,330.04,209.3,176.01,872.05,726.73,315.54,180.31,144.47,543.31,567.79,251.86,147.15,96.336,1061,664.4,381.42,226.16,146.77,947.6,610.56,338.56,194.43,146.32,1071.8,688.24,386.21,194.41,113.69,1180.2,701.7,412.44,208.97,131.82,768.72,600.89,399.32,237.58,157.16,654.24,515.9,350.02,201.38,136.49,928.16,595.61,354.81,191.69,117.22,473.38,389.58,281.53,199.21,95.589,606.68,509.66,306.29,202.11,126.11,818.16,655,367,233.83,194.86,470.07,542.37,285.66,180.7,130.18,422.03,444.31,241.13,164.36,94.483,1019,736.99,380.16,231.08,154.73,570.46,611.44,314.31,231.9,199.02,992.83,807.49,350.03,197.52,135.2,898.85,781.78,330.5,183.44,140.17,1426.5,727.3,365.52,253.73,212.95,1428.4,638.41,364.33,262.69,231.22,493.32,302.64,222.01,172.75,150.9,2174.5,1405.4,936.7,449.89,239.24,1.16E+05,58491,34426,25877,20534,32861,20943,14440,11545,10316,1.33E+05,40132,23584,17746,14113,0.291,0.14723,0.087297,0.06639,0.053426
1,562.64,513.74,356.64,220.99,170.13,665.06,520.3,387.42,223.32,146.32,714.1,531.23,417,240.77,158.18,755.12,578.63,409.8,298.26,247.74,555.94,434.68,303.32,229.78,187.43,552.35,409.53,313.05,189.08,134.17,606.49,463.31,305.42,215.1,158.96,935.7,671.05,523.13,437.42,438.61,552.59,536.86,306.84,214.28,164.28,410.01,424.57,242.54,152.58,99.305,758.58,684.32,360.74,236.37,194.98,559.85,655.44,369.24,250.9,223.01,573.84,736.75,319.88,193.87,149.08,620.69,652.53,330.61,228.69,196.51,633.17,602.36,304.9,188.89,147.26,435.17,486.73,241.63,149.46,100.45,749.46,569.19,388.46,230.54,169.4,742.04,543.22,349.88,241.25,196.25,677.96,529,379.7,189.21,116.85,789.05,579.6,407.61,227.24,157.03,648.69,547.8,419.41,240.46,177.9,529.23,473.88,334.6,199.74,131.42,633.08,501.6,353.9,185.8,127.17,471.2,352.91,284.26,193.17,101.95,573.81,481.51,306.31,214.5,133.4,739.96,596.73,411.71,310.39,252.04,419.51,477.38,289.59,177.14,114.17,430.13,405.43,239.17,166.87,97.153,937.19,656.94,397.85,281.2,216.82,483.67,520.42,292.9,203.51,167.96,807.99,676.7,358.11,220.44,166.28,671.04,647.68,319.82,190.8,137.75,1918.5,990.44,583.89,530.92,479.05,1728.6,823.96,519.05,441.02,382.45,517.88,333.11,259.68,226.9,212.72,2011,1308.9,848.55,427.54,236.15,1.14E+05,57685,33941,25484,20289,44373,28151,21451,17364,14785,1.56E+05,56900,33609,25261,20105,0.29178,0.1487,0.088397,0.066649,0.053428
1,695.31,635.55,368.05,191.89,132.45,777.26,667.35,416.66,201.11,123.68,823.7,680.46,450.32,211.36,131.2,825.58,668.73,357.93,200.8,146.88,612.78,496.86,271.66,176.4,122.01,639.12,480.23,320.52,182,107.5,581.88,519.62,291.9,176.19,121.56,960.7,689.43,428.06,338.37,309.43,600.24,606.14,297.98,180.84,135.7,462.22,505.05,246.63,139.95,92.067,827.36,799.27,345.23,187.77,143.82,720.73,769.16,367.07,253.65,207.26,693.9,895.13,334.84,191.75,152.15,756.84,787.55,363.55,237.54,213.15,772.69,739.66,324.68,191.38,149.22,486.18,603.1,255.42,138.21,91.181,905.32,710.45,382.26,204.29,151.04,848.4,646.78,338.7,197.42,149.19,920.02,671.78,390.65,179.84,114.2,958.38,784.07,407.48,212.64,142.24,657.87,639.74,404.1,229.28,164.89,560.31,574.63,327.67,186.01,125.33,844.13,631.73,352.95,176.64,116.97,526.63,395.09,279.93,178.61,96.273,644.82,585.94,315.07,173.51,114.54,789.71,639.36,377.83,234.44,197.41,471.61,554.24,286.2,167.01,120.73,478.76,474.94,246.88,143.43,86.17,968.16,767.39,374.2,207.17,152.82,580.17,614.57,301.71,190.67,158.16,883.76,824.86,348.97,182.19,126.55,814.44,808.65,327.27,171.43,125.17,1326.4,752.2,424.46,336.8,304.65,1132.4,509.46,283.22,202.99,175.33,725.3,382.08,254.86,200.34,177.26,2006.6,1373.8,884.81,419.34,221.58,46096,23269,13691,10276,8190.6,78392,49108,34657,27591,25945,1.25E+05,45549,26089,19532,15513,0.060308,0.031259,0.023139,0.020268,0.019577
-1,749.34,575.48,350.4,223.73,158.67,903.71,626.49,386.55,224.31,145.36,956.11,659.81,446.39,293.42,225.68,882.16,663.08,385.39,292.74,268.32,790.45,601.91,416.67,381.55,390.48,667.66,456.48,331.04,202.15,149.51,634.66,523.55,312,236.56,190.61,926.02,663.46,469.36,326.72,318.22,637.25,592.15,299.08,207.77,170.76,481.27,467.68,242.8,171.09,98.411,972.23,747.65,328.05,208.28,160.8,852.79,755.92,388.99,301.02,276.19,725.08,787.25,313.97,193.89,141.96,793.17,716.05,332.29,214.53,172.83,779.08,683.62,309.66,191.79,149.5,534.5,551.96,246.18,153.24,96.048,1132.8,696.63,373.64,221.19,157.42,973.7,598.98,330.85,197.72,149.33,1201,676.38,387.19,196.86,122.37,1199.9,730.13,391.67,217.46,165.89,799.86,608.25,419.37,309.05,268.16,706.75,571.02,424.41,342.95,336.12,999.82,597.98,358.84,210.06,150.37,526.84,374.25,286.92,212.6,108.59,615.01,550.1,366.84,309.83,276.54,1070.4,789.47,608.61,558.64,574.78,590.94,576.33,415.97,383.13,407.29,421.51,416.06,243,189.26,126.71,1034,693.21,353.89,249.41,193.56,653.05,602.36,371.27,320.46,318.82,953.99,756.74,322.99,206.56,151.9,838.54,730.5,306.5,196.59,148.36,1214.6,699.2,378.86,277.13,237.01,1306.8,592.23,270.55,219.86,191.32,618.33,358.97,239.66,201.4,161.04,2900.3,1759,1062.6,651.18,461.77,3.13E+05,1.58E+05,92973,69813,55533,42323,27623,16755,13090,11377,1.83E+05,77823,45781,34399,27323,0.21696,0.11152,0.065604,0.050613,0.041368
1,623.11,584.52,376.08,193.52,153.92,755.23,623.22,412.89,209.9,143.48,855.23,660.83,454.67,255.02,191.01,841.05,662.08,385.96,247.35,196.74,643.08,521.89,286.99,190.03,165.13,637.39,494.61,335.11,194.34,143.77,623.94,554.55,302.02,186.59,156.57,935.38,711.87,467.12,354.92,362.88,614.15,632.01,291.95,167.06,128.46,457.28,478.47,250.66,146.18,93.527,866.32,757.13,372.67,212.03,181.53,776.88,759.27,333.96,185.67,138.54,707.24,834.39,324.48,180.8,127.04,763.87,757.93,324.76,189.08,144.06,759.97,739.64,315.15,167.78,125.45,497.8,566.04,251.68,137.04,93.238,941.62,647.73,401.17,218.87,167.69,937.13,605.4,360.5,222.87,187.87,1031,653.84,394.15,184.19,118.97,1073.6,691.88,428.96,220.65,165.94,743.19,630.54,398.81,232.12,164.97,640.89,553.93,332.57,216.27,150.25,922.46,598.75,374.05,179.45,124.92,535.61,406.47,297.73,183.44,96.543,622.91,589.24,328.83,183.65,131.49,885.96,692.53,392.1,235.88,216.19,511.28,558.79,290.48,154.94,111.14,443.16,477.74,252.93,141.1,88.817,941.85,760.77,415.07,248.58,218.18,598.98,638.87,295.82,173.71,150.59,863.95,842.18,371.96,201.83,164.93,804,839.62,334.86,173.61,133.07,1244.5,691.69,373.78,259.11,209.78,1228.4,568.94,405.67,311.15,324.64,578.6,359.38,242.1,186.91,162.96,2459.4,1518.6,960.04,514.93,326.02,10766,5454.9,3206.9,2442.8,2415.3,56764,34664,23727,17277,14724,84838,10600,5372.5,4057.5,3233.2,0.36368,0.18504,0.10877,0.082826,0.066065
1,636.3,519.14,361.94,227.2,176.71,737.45,533.58,385.53,219.64,145.1,810.66,552.79,413.92,236.75,151.56,849.52,583.86,345.52,212.26,170.58,642.87,424.85,266.1,178.37,138.29,593.63,410.48,313.88,171.38,129.79,641.46,466.33,283.94,184.08,137.38,1003.7,666.4,461.91,370.71,385.25,553.79,513.31,284.77,170.83,134.24,393.24,414.21,244.84,151.14,90.504,913.9,669.22,344.58,213.74,171.16,639.02,626.55,330.74,190.45,153.27,618.21,699.51,326.79,175.22,134.16,642.7,632.49,332.22,195.24,158.84,676.16,615.12,323.97,200.63,170.8,462.15,464.39,254.2,149.88,94.972,894.88,576.66,387.37,236.47,173.91,806.92,519.17,363.22,226.85,184.3,774.37,507.54,376.83,189.83,115.19,905.38,559.81,399.6,217.67,151.45,657.56,524.91,384.69,220.6,144.97,548.43,477.02,329.48,176.7,121.22,834.53,503.99,369.27,182.23,126.21,459.69,353.76,309,182.85,98.389,611.68,545.23,317.74,181.65,125.18,830.34,563.2,401.25,244.45,227.09,424.98,476.92,268.25,170.18,110.67,438.41,414.78,246.67,156.58,89.727,1087.7,646.76,391.02,246.58,202.97,485.68,513.94,274.26,185.75,145.91,908.6,678.02,355.87,219.41,176.94,739.47,678.17,345.48,234.34,208.31,1441.8,742.57,405.16,321.11,246.54,1509.9,545.17,375.81,289.11,288.1,565.84,323.56,233.69,185.26,149.3,2034,1347.8,893.29,494.02,311.04,76926,38821,22846,17177,14531,44000,31624,21760,18828,16260,1.45E+05,48551,27983,21015,16698,0.10587,0.055332,0.035754,0.02863,0.024482
1,655.84,594.65,387.43,222.11,180.83,811.55,632.12,418.84,211.29,151.44,872.47,657.63,453.46,224.45,157.15,868.09,678.94,363.92,208.9,165.21,704.22,519.83,278.36,177.03,136.12,704.36,492.17,343.78,189.91,128.95,688.07,587.65,308.95,186.75,146.45,1081.1,725.1,446.85,330.43,351.58,628.42,613.81,297.54,175.72,129.28,458.71,507.96,258.34,150.43,89.441,1030.6,745.85,363.31,229.13,177.53,770.25,692.07,317,182.07,128.81,775.2,820.23,333.11,180.26,123.24,830.76,720.59,327.74,179.47,130.23,816.54,709.01,306.11,162.5,116.54,528.31,594.71,267.29,144.75,91.384,1037.3,643.71,403.39,233.11,178.26,1037.8,608.95,367.05,229.08,187.53,1012.9,624.13,402.04,187.52,114.63,1139,694.3,415.35,232.3,163.99,741.94,605.88,402.12,236.54,169.3,667.39,558.94,329.19,179.06,126.24,969.49,612.67,359.54,194.36,123.23,508.33,418.38,290.51,194.53,96.888,656.91,623.34,311.83,178.16,132.65,941.28,692.22,403.79,239.87,219.43,449.11,557.23,283.39,155.13,115.82,428.56,485.81,243.58,146.46,90.787,1143.4,738,402.35,250.26,217.6,576.14,606.96,295.26,184.95,148.13,1006.6,787.32,365.76,207.03,160.64,852.79,772.52,330.86,180.22,125.15,1575,792.54,392.47,272.97,227.74,1684,742.46,493.22,398.77,363.28,519.95,327.97,227.39,177.18,147.53,2505,1558.9,975.34,562.04,363.81,57795,29179,17152,12853,10329,61434,37266,25459,20306,16809,1.38E+05,44322,25617,19173,15249,0.10447,0.055072,0.034966,0.029115,0.025596
1,792.02,613.75,376.75,209.81,148.55,902.05,651.64,424.74,224.69,138.15,953.67,690.83,467.03,248.46,162.55,1035.3,746.34,442.29,297.65,276.41,696.47,595.77,281.24,171.4,136.25,678.13,505.43,330.32,184.89,119.15,659.05,568.55,292.42,178.65,138.83,1092.9,774.69,462.68,308.19,326.48,692.21,654.52,292.11,178.89,137.47,465.63,481.09,245.47,154.78,93.657,947.13,758.07,366.39,210.76,165.75,857.85,768.68,348.65,220.14,187.99,756.86,852.25,327.41,182.8,133.03,827.55,775.74,324.01,197.08,156.14,876.63,736.32,319.79,177.65,134.18,561.62,567.86,264.46,151.23,92.696,1039.3,706.83,408.88,228.16,165.82,991.43,636.2,353.75,219.17,171.34,1146.5,705.77,408.13,205.07,112.64,1130.6,765.9,431.51,228.09,156.75,795.5,630.64,398.52,228.29,165.7,672.81,590.94,322.87,180.58,126.58,979.67,636.05,368.83,193.46,116.21,519.58,408.32,285.58,185.45,93.402,642.25,609.37,311.16,181.29,122.99,947.14,724.9,374.95,220.4,182.25,523.82,566.89,282.97,163.93,105.47,447.72,455.28,239.08,151.26,88.222,1090.7,728.54,400.53,238.62,192.67,644.38,619.18,297.56,192.61,151.34,1020.2,788.77,369.52,205.08,154.53,917.72,793.34,341,192.96,143.56,1649.3,794.71,389.28,264.02,214.18,1265.8,585.16,375.37,284.13,271.68,487.62,296.54,202.39,166.64,143.79,2055.6,1344.8,871.36,435.34,211.53,65679,33147,19494,14629,11749,1.18E+05,68447,45225,36466,29459,1.29E+05,42894,25000,18761,14923,0.21622,0.10702,0.065419,0.050113,0.040151
1,665.54,609.45,357.33,204.47,147.49,746.53,639.24,389.37,208.78,131.45,787.25,649.37,409.93,230.09,166.66,760.65,596.34,428.98,289.82,294.98,546.58,450.05,275.45,193.44,151.14,593.93,459.04,316.77,172.29,119.96,594.7,534.49,297.04,178.26,140.06,861.68,648.58,465.06,391.68,397.66,556.25,623.77,301.66,186.95,150.33,453.04,519.27,258.19,146.44,91.078,849.28,783.03,347.05,194.49,151.98,676.48,775.14,376.99,269.17,249.71,670.61,884.46,324.19,169.46,124.49,696.94,734.43,318.16,178.19,134.18,692.8,694.9,310.99,174.34,137.16,497.73,613.13,260.89,137.13,89.535,888.26,663.97,373.66,216.52,149.14,753.12,617.17,337.11,192.57,162,778.99,629.43,363.05,176.58,115.05,860.86,679.2,396.45,210.94,145.9,709.81,604.6,402.62,245.13,184.87,569.66,543.01,324.17,222.26,155.95,730.89,570.49,340.98,180.68,116.64,536.06,376.11,293.53,178.79,93.235,606.03,587.15,309.42,175.6,122.75,793.46,633.57,368.37,227.04,188.65,460.93,589.2,280.52,168.12,122.84,467.35,496.98,253.2,145.97,88.516,968.99,776.7,369.92,221.31,173.42,561.37,640.73,315.59,228.11,186.88,866.58,832.01,343.01,192.98,148.36,741.9,811.17,321.16,182.7,147.3,1363,633.14,385.39,265.09,235.02,1251.6,505.21,325.92,243.4,234.1,472.16,281.37,203.7,170.62,140.17,1987.5,1351.3,903.74,442.66,212.75,1.72E+05,87067,51228,38458,30627,1.10E+05,63258,44602,35487,29772,1.14E+05,39445,23153,17381,13803,0.16991,0.086969,0.051689,0.040022,0.03391
1,643.06,541.76,355.83,229.67,176.81,679.86,577.13,389.77,217.99,147.19,749.36,601.07,429.35,234.22,156.43,772.12,598.6,411.83,310.15,279.07,532.02,434.67,264.98,182.67,151.44,578.44,444.09,317.59,180.34,126.59,552.96,483.2,282.28,189,143.23,799.12,656.26,494.05,369.83,384.42,529.98,557.25,292.01,188.79,149.99,457.82,417.14,229.97,155.24,91.022,749.38,690.98,336.08,232,185.25,676.16,716.13,357.6,241.88,201.28,624.35,775.23,305.73,180.15,132.78,647.8,687.48,316.66,194.6,157.58,668.92,627.37,299.97,166.4,124.22,493.98,513.09,241.12,136.76,92.641,767.31,575.23,374.37,232.32,167.53,710.21,544.77,348,213.98,185.45,717.04,576.39,369.79,184.93,114.9,818.58,629.7,394.29,224.47,155.74,699.77,556.33,371.29,233.93,152.15,537.59,497.99,307.16,184.88,120.76,733.71,548.28,354.21,186.85,122.91,530.36,368.93,288.78,195.83,97.902,543.12,515.34,301.68,189.17,130.84,771.8,615.14,386.03,247.99,210.41,453.28,520.84,305.15,171.13,122.56,475.22,440.1,241.38,149.96,89.167,855.92,723.81,401.72,249.81,214.09,547.32,584.58,330.81,217.57,182.49,780.05,748.51,353.76,202.23,159.76,700.57,701.55,319.77,169.35,117.9,1493,768.45,429.52,342.21,277.21,1020.6,469.93,365.14,311.53,305.21,1324.4,695.27,429.51,329.1,263.24,1906.5,1342.3,852.78,437.8,230.4,54172,27349,16104,12076,9677.3,49462,30493,19667,15191,13128,1.45E+05,17643,8349.5,6260.6,4960.5,0.049568,0.027433,0.02223,0.021014,0.019164
1,603.1,516.36,350,210.02,145.1,665.12,552.62,379.31,216.51,137.6,715.92,580.97,410.02,237.04,154.64,688.3,583.31,403.48,302.99,267.59,502.82,430.32,270.66,159.34,135.95,537.8,449.3,325,177.1,128.89,527.99,465.31,279.68,178.88,141.33,775.64,657.1,454.83,346.16,332.12,510.21,542.86,275.91,178.85,139.87,407.42,401.97,233.26,146.29,88.253,681.57,643.08,338.48,209.57,176.5,649.77,670.62,317.37,213.45,177.83,632.71,730.31,302.13,190.29,150.59,685.19,673.47,329.2,237.66,209.11,691.97,641.8,296.99,177.29,136.68,423.98,500.43,240.31,134.31,90.213,701.35,566.25,368.15,217.75,157.63,719.26,537.77,348.63,217.9,175.71,757.06,546.36,377.99,189.39,113.95,789.62,610.71,393.97,210.6,151.98,598.17,515.81,383.19,204.49,142.45,530.65,476.74,313.63,178.47,123.88,690.66,534.84,358.49,187.48,124.19,495.96,370.56,297.51,185.06,97.434,534.78,551.15,310.83,191.99,129.01,705.69,579.15,362.12,247.11,207.94,450.6,502.91,284.11,175.23,119.12,419.49,416.84,237.54,144.83,86.414,799.71,695.41,384.2,254.43,205.97,513.37,569.77,300.6,191.12,155,739.02,746.24,343.72,205.02,155.64,708.39,744.41,313.57,170.9,121.7,1126.9,640.97,404.75,326.28,254.66,974.67,504.87,360.3,295.26,292.93,714.46,391.67,268.03,207.17,184.26,2884.3,1686.6,1054.8,630.02,426.72,2516.5,1247.8,745.45,625.54,1031.5,48169,29779,22292,17572,15501,1.50E+05,17069,7971.6,5921.8,4673.7,0.66167,0.33442,0.19745,0.14833,0.1181
